Año de Publicación,Autores,Título,Enlace
2024,"Ignacio Sánchez-Gendriz, D. Luna-Naranjo, Luiz Affonso Guedes, José D. López, R. Padovese",Exploring fish choruses: patterns revealed through PCA computed from daily spectrograms,https://www.frontiersin.org/journals/antennas-and-propagation/articles/10.3389/fanpr.2024.1400382/full
2024,"Andrés E. Castro-Ospina, Paula Rodríguez-Marín, José D. López, & Juan D. Martínez-Vargas ",Leveraging time-based acoustic patterns for ecosystem analysis,https://link.springer.com/article/10.1007/s00521-024-10157-7
2024,"David Luna-Naranjo, Juan D. Martinez-Vargas, Camilo Sánchez-Giraldo, Juan M. Daza, & José D. López",Quantifying and mitigating recorder-induced variability in ecological acoustic indices,https://www.sciencedirect.com/science/article/pii/S1574954124002103
2025,"Maria J. Guerrero, Camilo Sánchez-Giraldo, César A. Uribe, Víctor M. Martínez-Arias & Claudia Isaza",Graphical representation of landscape heterogeneity identification through unsupervised acoustic analysis,https://besjournals.onlinelibrary.wiley.com/doi/10.1111/2041-210X.70041
2025,"Panu Somervuo, Tomas Roslin, Brian L. Fisher, & Otso Ovaskainen",Human contributions to global soundscapes are less predictable than the acoustic rhythms of wildlife,https://www.nature.com/articles/s41559-025-02786-5
2025,"Kevin F. A. Darras, Rodney A. Rountree, Steven L. Van Wilgenburg, ... & Thomas Cherico Wanger",Worldwide Soundscapes: A Synthesis of Passive Acoustic Monitoring Across Realms,https://onlinelibrary.wiley.com/doi/10.1111/geb.70021
2024,"Cadena-Castañeda,O.J.,D.A.Gomez-Morales*,O.Acevedo-Charry, ... & J.L.Benavides-López","Studies on Neotropical Pseudophyllinae: Integrative description of Dentotibius gen. nov., and a toothed foretibia katydid (Orthoptera: Tettigoniidae) that sings from borrows in branches",https://jor.pensoft.net/articles.php?id=116137&journal_name=jor
2024,"Samuel Challéat, Nicolas Farrugia, Jérémy S. P. Froidevaux, ... & Vera Zina)",A dataset of acoustic measurements from soundscapes collected worldwide during the COVID-19 pandemic,https://www.nature.com/articles/s41597-024-03611-7
2024,"Acevedo-Charry, O. & N. Gardner.",Four more records of Rusty Tinamou (Crypturellus brevirostris) in Colombia and a revision of its known range,https://www.neotropicalbirdclub.org/cotinga/C46_online/Release1/Cotinga%2046OL_Acevedo-Charry%20&%20Gardner%202024.pdf
2025,"Angela M Mendoza-Henao, Hoover Pantoja-Sánchez, Eliana Barona-Cortés, Daniela Martínez-Medina, Adriana Restrepo, Francisco Javier Nieto, Orlando Fabián Hernández-Leal, Juan Sebastián Ulloa",Integrating soundscape to landscape in the understanding of agricultural transformation in the Neotropical context,https://royalsocietypublishing.org/doi/abs/10.1098/rstb.2024.0048
2025,"Juan Sebastián Cañas, Camila Parra-Guevara, Manuela Montoya-Castrillón, ... & Juan Sebastián Ulloa","Inteligencia Artificial para la conservación y uso sostenible de la biodiversidad, una visión desde Colombia",https://arxiv.org/abs/2503.14543
2025,"Guerrero M.J., Sánchez-Giraldo C., Uribe C., Martínez V., & Isaza C. ",Graphical Representation of Landscape Heterogeneity Identification through Unsupervised Acoustic Analysis,https://doi.org/10.1111/2041-210X.70041
2025,"Rendon N., Guerreo M.J., Sánchez-Giraldo C., Martínez-Arias V., Paniagua-Villada C., Bouwmans T., Daza J.M. and Isaza C.",Letting ecosystems speak for themselves: An unsupervised methodology for mapping landscape acoustic heterogeneity,https://doi.org/10.1016/j.envsoft.2025.106373
2024,"Castro-Ospina M.A. ,Solarte-Sanchez L.S., Vega-Escobar,  Isaza C. and Martínez-Vargas J.D.",Graph-Based Audio Classification Using Pre-Trained Models and Graph Neural Network,https://doi.org/10.3390/s24072106
2024,"Nieto D.A., Ferreira de Oliveira M.C., Sanchez-Giraldo C., Duque-Muñoz L., Isaza C. and Martínez-Vargas J.D",Soundscape Characterization Using Autoencoders and Unsupervised Learning,https://doi.org/10.3390/s24082597
2024,"Nieto D.A., Rodríguez-Buritica S., Rodríguez P., Martínez J.D.  and Isaza C.",Systematic review of machine learning methods applied to ecoacoustics and soundscape monitoring,https://doi.org/10.1016/j.heliyon.2023.e20275 